archive,archive_md5,list
LKML5Ws-anonymized_1.dataset.tar.gz,718dc834f5a2e027512eb49b5994753b,ath12k
LKML5Ws-anonymized_1.dataset.tar.gz,718dc834f5a2e027512eb49b5994753b,ccan
LKML5Ws-anonymized_1.dataset.tar.gz,718dc834f5a2e027512eb49b5994753b,coconut-svsm
LKML5Ws-anonymized_1.dataset.tar.gz,718dc834f5a2e027512eb49b5994753b,cti-tac
LKML5Ws-anonymized_1.dataset.tar.gz,718dc834f5a2e027512eb49b5994753b,drbd-dev
LKML5Ws-anonymized_1.dataset.tar.gz,718dc834f5a2e027512eb49b5994753b,dtrace
LKML5Ws-anonymized_1.dataset.tar.gz,718dc834f5a2e027512eb49b5994753b,exfat
LKML5Ws-anonymized_1.dataset.tar.gz,718dc834f5a2e027512eb49b5994753b,imx
LKML5Ws-anonymized_1.dataset.tar.gz,718dc834f5a2e027512eb49b5994753b,kvm-ppc
LKML5Ws-anonymized_1.dataset.tar.gz,718dc834f5a2e027512eb49b5994753b,kvm-riscv
LKML5Ws-anonymized_1.dataset.tar.gz,718dc834f5a2e027512eb49b5994753b,linux-bugs
LKML5Ws-anonymized_1.dataset.tar.gz,718dc834f5a2e027512eb49b5994753b,linux-cve-announce
LKML5Ws-anonymized_1.dataset.tar.gz,718dc834f5a2e027512eb49b5994753b,linux-fpga
LKML5Ws-anonymized_1.dataset.tar.gz,718dc834f5a2e027512eb49b5994753b,linux-fsdevel
LKML5Ws-anonymized_1.dataset.tar.gz,718dc834f5a2e027512eb49b5994753b,linux-iommu
LKML5Ws-anonymized_1.dataset.tar.gz,718dc834f5a2e027512eb49b5994753b,linux-kernel-announce
LKML5Ws-anonymized_1.dataset.tar.gz,718dc834f5a2e027512eb49b5994753b,linux-metag
LKML5Ws-anonymized_1.dataset.tar.gz,718dc834f5a2e027512eb49b5994753b,linux-newbie
LKML5Ws-anonymized_1.dataset.tar.gz,718dc834f5a2e027512eb49b5994753b,linux-next
LKML5Ws-anonymized_1.dataset.tar.gz,718dc834f5a2e027512eb49b5994753b,linux-nfc
LKML5Ws-anonymized_1.dataset.tar.gz,718dc834f5a2e027512eb49b5994753b,linux-watchdog
LKML5Ws-anonymized_1.dataset.tar.gz,718dc834f5a2e027512eb49b5994753b,llvm
LKML5Ws-anonymized_1.dataset.tar.gz,718dc834f5a2e027512eb49b5994753b,mailbox
LKML5Ws-anonymized_1.dataset.tar.gz,718dc834f5a2e027512eb49b5994753b,mhi
LKML5Ws-anonymized_1.dataset.tar.gz,718dc834f5a2e027512eb49b5994753b,netdev
LKML5Ws-anonymized_1.dataset.tar.gz,718dc834f5a2e027512eb49b5994753b,netfilter-devel
LKML5Ws-anonymized_1.dataset.tar.gz,718dc834f5a2e027512eb49b5994753b,ocfs2-devel
LKML5Ws-anonymized_1.dataset.tar.gz,718dc834f5a2e027512eb49b5994753b,oe-kbuild
LKML5Ws-anonymized_1.dataset.tar.gz,718dc834f5a2e027512eb49b5994753b,opae
LKML5Ws-anonymized_1.dataset.tar.gz,718dc834f5a2e027512eb49b5994753b,printing-architecture
LKML5Ws-anonymized_1.dataset.tar.gz,718dc834f5a2e027512eb49b5994753b,rcu
LKML5Ws-anonymized_1.dataset.tar.gz,718dc834f5a2e027512eb49b5994753b,selinux
LKML5Ws-anonymized_1.dataset.tar.gz,718dc834f5a2e027512eb49b5994753b,selinux-refpolicy
LKML5Ws-anonymized_1.dataset.tar.gz,718dc834f5a2e027512eb49b5994753b,stable-rt
LKML5Ws-anonymized_1.dataset.tar.gz,718dc834f5a2e027512eb49b5994753b,x86-cpuid
LKML5Ws-anonymized_2.dataset.tar.gz,7261f54d0d8264293572e7c268d9561d,cgroups
LKML5Ws-anonymized_2.dataset.tar.gz,7261f54d0d8264293572e7c268d9561d,dccp
LKML5Ws-anonymized_2.dataset.tar.gz,7261f54d0d8264293572e7c268d9561d,ddprobe
LKML5Ws-anonymized_2.dataset.tar.gz,7261f54d0d8264293572e7c268d9561d,diamon-discuss
LKML5Ws-anonymized_2.dataset.tar.gz,7261f54d0d8264293572e7c268d9561d,dpdk-dev
LKML5Ws-anonymized_2.dataset.tar.gz,7261f54d0d8264293572e7c268d9561d,igt-dev
LKML5Ws-anonymized_2.dataset.tar.gz,7261f54d0d8264293572e7c268d9561d,intel-gfx
LKML5Ws-anonymized_2.dataset.tar.gz,7261f54d0d8264293572e7c268d9561d,intel-wired-lan
LKML5Ws-anonymized_2.dataset.tar.gz,7261f54d0d8264293572e7c268d9561d,kvm
LKML5Ws-anonymized_2.dataset.tar.gz,7261f54d0d8264293572e7c268d9561d,kvm-ia64
LKML5Ws-anonymized_2.dataset.tar.gz,7261f54d0d8264293572e7c268d9561d,linux-admin
LKML5Ws-anonymized_2.dataset.tar.gz,7261f54d0d8264293572e7c268d9561d,linux-api
LKML5Ws-anonymized_2.dataset.tar.gz,7261f54d0d8264293572e7c268d9561d,linux-coco
LKML5Ws-anonymized_2.dataset.tar.gz,7261f54d0d8264293572e7c268d9561d,linux-devicetree
LKML5Ws-anonymized_2.dataset.tar.gz,7261f54d0d8264293572e7c268d9561d,linux-nvme
LKML5Ws-anonymized_2.dataset.tar.gz,7261f54d0d8264293572e7c268d9561d,linux-rdma
LKML5Ws-anonymized_2.dataset.tar.gz,7261f54d0d8264293572e7c268d9561d,linux-remoteproc
LKML5Ws-anonymized_2.dataset.tar.gz,7261f54d0d8264293572e7c268d9561d,linux-sunxi
LKML5Ws-anonymized_2.dataset.tar.gz,7261f54d0d8264293572e7c268d9561d,linux-tegra
LKML5Ws-anonymized_2.dataset.tar.gz,7261f54d0d8264293572e7c268d9561d,linux-toolchains
LKML5Ws-anonymized_2.dataset.tar.gz,7261f54d0d8264293572e7c268d9561d,linux-x11
LKML5Ws-anonymized_2.dataset.tar.gz,7261f54d0d8264293572e7c268d9561d,live-patching
LKML5Ws-anonymized_2.dataset.tar.gz,7261f54d0d8264293572e7c268d9561d,lttng-dev
LKML5Ws-anonymized_2.dataset.tar.gz,7261f54d0d8264293572e7c268d9561d,mm-commits
LKML5Ws-anonymized_2.dataset.tar.gz,7261f54d0d8264293572e7c268d9561d,netfilter
LKML5Ws-anonymized_2.dataset.tar.gz,7261f54d0d8264293572e7c268d9561d,nil-migration
LKML5Ws-anonymized_2.dataset.tar.gz,7261f54d0d8264293572e7c268d9561d,ntfs
LKML5Ws-anonymized_2.dataset.tar.gz,7261f54d0d8264293572e7c268d9561d,oe-lkp
LKML5Ws-anonymized_2.dataset.tar.gz,7261f54d0d8264293572e7c268d9561d,ofono
LKML5Ws-anonymized_2.dataset.tar.gz,7261f54d0d8264293572e7c268d9561d,qemu-trivial
LKML5Ws-anonymized_2.dataset.tar.gz,7261f54d0d8264293572e7c268d9561d,spacemit
LKML5Ws-anonymized_2.dataset.tar.gz,7261f54d0d8264293572e7c268d9561d,wireless-regdb
LKML5Ws-anonymized_2.dataset.tar.gz,7261f54d0d8264293572e7c268d9561d,xdp-newbies
LKML5Ws-anonymized_2.dataset.tar.gz,7261f54d0d8264293572e7c268d9561d,xen-devel
LKML5Ws-anonymized_2.dataset.tar.gz,7261f54d0d8264293572e7c268d9561d,xenomai
