list,address
accel-config,accel-config@lists.linux.dev
accel-config,accel-config@lists.linuxfoundation.org
accel-config,accel-config@lists.linux-foundation.org
acpica-devel,acpica-devel@lists.linux.dev
acpica-devel,acpica-devel@lists.linuxfoundation.org
acpica-devel,acpica-devel@lists.linux-foundation.org
alsa-devel,alsa-devel@alsa-project.org
amd-gfx,amd-gfx@lists.freedesktop.org
arm-scmi,arm-scmi@vger.kernel.org
asahi,asahi@lists.linux.dev
ath10k,ath10k@lists.infradead.org
ath11k,ath11k@lists.infradead.org
ath12k,ath12k@lists.infradead.org
ath9k-devel,ath9k-devel@lists.ath9k.org
audit,audit@vger.kernel.org
autofs,autofs@vger.kernel.org
b4-sent,devnull+b4-sent@kernel.org
b43-dev,b43-dev@lists.infradead.org
backports,backports@vger.kernel.org
barebox,barebox@lists.infradead.org
batman,b.a.t.m.a.n@lists.open-mesh.org
bitbake-devel,bitbake-devel@lists.openembedded.org
bpf,bpf@vger.kernel.org
brcm80211,brcm80211@lists.linux.dev
bridge,bridge@lists.linux.dev
bridge,bridge@lists.linuxfoundation.org
bridge,bridge@lists.linux-foundation.org
buildroot,buildroot@busybox.net
buildroot,buildroot@buildroot.org
c-std-porting,c-std-porting@lists.linux.dev
ccan,ccan@ozlabs.org
ceph-devel,ceph-devel@vger.kernel.org
cgroups,cgroups@vger.kernel.org
chrome-platform,chrome-platform@lists.linux.dev
cip-dev,cip-dev@lists.cip-project.org
cluster-devel,cluster-devel@redhat.com
cocci,cocci@systeme.lip6.fr
coconut-svsm,coconut-svsm@lists.linux.dev
connman,connman@lists.linux.dev
containers,containers@lists.linux.dev
cpufreq,cpufreq@vger.kernel.org
criu,criu@lists.linux.dev
cryptsetup,cryptsetup@lists.linux.dev
cti-tac,cti-tac@lists.linuxfoundation.org
damon,damon@lists.linux.dev
dash,dash@vger.kernel.org
dccp,dccp@vger.kernel.org
ddprobe,ddprobe@lists.linux.dev
devicetree-compiler,devicetree-compiler@vger.kernel.org
devicetree-spec,devicetree-spec@vger.kernel.org
diamon-discuss,diamon-discuss@lists.linux.dev
diamon-discuss,diamon-discuss@lists.linuxfoundation.org
diamon-discuss,diamon-discuss@lists.linux-foundation.org
distributions,distributions@lists.linux.dev
dm-crypt,dm-crypt@saout.de
dm-devel,dm-devel@redhat.com
dmaengine,dmaengine@vger.kernel.org
dpdk-dev,dev@dpdk.org
drbd-announce,drbd-announce@lists.linux.dev
drbd-dev,drbd-dev@lists.linux.dev
dri-devel,dri-devel@lists.freedesktop.org
driver-core,driver-core@lists.linux.dev
dtrace,dtrace@lists.linux.dev
dwarves,dwarves@vger.kernel.org
ecryptfs,ecryptfs@vger.kernel.org
ell,ell@lists.linux.dev
exfat,exfat@lists.linux.dev
fio,fio@vger.kernel.org
fstests,fstests@vger.kernel.org
fsverity,fsverity@lists.linux.dev
fuego,fuego@lists.linux.dev
fuego,fuego@lists.linuxfoundation.org
fuego,fuego@lists.linux-foundation.org
fuse-devel,fuse-devel@lists.linux.dev
gfs2,gfs2@lists.linux.dev
git,git@vger.kernel.org
grub-devel,grub-devel@gnu.org
hail-devel,hail-devel@vger.kernel.org
historical-speck,devnull+historical-speck@kernel.org
igt-dev,igt-dev@lists.freedesktop.org
imx,imx@lists.linux.dev
initramfs,initramfs@vger.kernel.org
intel-gfx,intel-gfx@lists.freedesktop.org
intel-wired-lan,intel-wired-lan@osuosl.org
intel-wired-lan,intel-wired-lan@lists.osuosl.org
intel-xe,intel-xe@lists.freedesktop.org
io-uring,io-uring@vger.kernel.org
iwd,iwd@lists.linux.dev
kbd,kbd@lists.linux.dev
kdevops,kdevops@lists.linux.dev
kernel-hardening,kernel-hardening@lists.openwall.com
kernel-janitors,kernel-janitors@vger.kernel.org
kernel-testers,kernel-testers@vger.kernel.org
kernel-tls-handshake,kernel-tls-handshake@lists.linux.dev
kernelci,kernelci@lists.linux.dev
kernelnewbies,kernelnewbies@kernelnewbies.org
kexec,kexec@lists.infradead.org
keyrings,keyrings@vger.kernel.org
keys,keys@kernel.org
ksummit,ksummit@lists.linux.dev
kvm,kvm@vger.kernel.org
kvm-ia64,kvm-ia64@vger.kernel.org
kvm-ppc,kvm-ppc@vger.kernel.org
kvm-riscv,kvm-riscv@lists.infradead.org
kvmarm,kvmarm@lists.cs.columbia.edu
landlock,landlock@lists.linux.dev
lartc,lartc@vger.kernel.org
lch,lch@lists.linux.dev
liba2i,liba2i@lists.linux.dev
linux-8086,linux-8086@vger.kernel.org
linux-acpi,linux-acpi@vger.kernel.org
linux-admin,linux-admin@vger.kernel.org
linux-alpha,linux-alpha@vger.kernel.org
linux-amlogic,linux-amlogic@lists.infradead.org
linux-api,linux-api@vger.kernel.org
linux-arch,linux-arch@vger.kernel.org
linux-arm-kernel,linux-arm-kernel@lists.infradead.org
linux-arm-msm,linux-arm-msm@vger.kernel.org
linux-aspeed,linux-aspeed@lists.ozlabs.org
linux-aspeed,linux-aspeed@ozlabs.org
linux-assembly,linux-assembly@vger.kernel.org
linux-audit,linux-audit@redhat.com
linux-bcache,linux-bcache@vger.kernel.org
linux-bcachefs,linux-bcachefs@vger.kernel.org
linux-block,linux-block@vger.kernel.org
linux-bluetooth,linux-bluetooth@vger.kernel.org
linux-btrace,linux-btrace@vger.kernel.org
linux-btrfs,linux-btrfs@vger.kernel.org
linux-bugs,bugs@lists.linux.dev
linux-c-programming,linux-c-programming@vger.kernel.org
linux-can,linux-can@vger.kernel.org
linux-cifs,linux-cifs@vger.kernel.org
linux-clk,linux-clk@vger.kernel.org
linux-coco,linux-coco@lists.linux.dev
linux-config,linux-config@vger.kernel.org
linux-console,linux-console@vger.kernel.org
linux-crypto,linux-crypto@vger.kernel.org
linux-csky,linux-csky@vger.kernel.org
linux-cve-announce,linux-cve-announce@vger.kernel.org
linux-cxl,linux-cxl@vger.kernel.org
linux-debuggers,linux-debuggers@vger.kernel.org
linux-devicetree,devicetree@vger.kernel.org
linux-diald,linux-diald@vger.kernel.org
linux-doc,linux-doc@vger.kernel.org
linux-edac,linux-edac@vger.kernel.org
linux-efi,linux-efi@vger.kernel.org
linux-embedded,linux-embedded@vger.kernel.org
linux-erofs,linux-erofs@ozlabs.org
linux-ext4,linux-ext4@vger.kernel.org
linux-f2fs-devel,linux-f2fs-devel@lists.sourceforge.net
linux-fbdev,linux-fbdev@vger.kernel.org
linux-firmware,linux-firmware@kernel.org
linux-fpga,linux-fpga@vger.kernel.org
linux-fscrypt,linux-fscrypt@vger.kernel.org
linux-fsdevel,linux-fsdevel@vger.kernel.org
linux-gcc,linux-gcc@vger.kernel.org
linux-gpio,linux-gpio@vger.kernel.org
linux-hams,linux-hams@vger.kernel.org
linux-hardening,linux-hardening@vger.kernel.org
linux-hexagon,linux-hexagon@vger.kernel.org
linux-hotplug,linux-hotplug@vger.kernel.org
linux-hwmon,linux-hwmon@vger.kernel.org
linux-hyperv,linux-hyperv@vger.kernel.org
linux-i2c,linux-i2c@vger.kernel.org
linux-i3c,linux-i3c@lists.infradead.org
linux-ia64,linux-ia64@vger.kernel.org
linux-ide,linux-ide@vger.kernel.org
linux-iio,linux-iio@vger.kernel.org
linux-input,linux-input@vger.kernel.org
linux-integrity,linux-integrity@vger.kernel.org
linux-iommu,iommu@lists.linux-foundation.org
linux-kbuild,linux-kbuild@vger.kernel.org
linux-kernel-announce,linux-kernel-announce@vger.kernel.org
linux-kernel-mentees,linux-kernel-mentees@lists.linux-foundation.org
linux-kselftest,linux-kselftest@vger.kernel.org
linux-laptop,linux-laptop@vger.kernel.org
linux-leds,linux-leds@vger.kernel.org
linux-lvm,linux-lvm@redhat.com
linux-m68k,linux-m68k@lists.linux-m68k.org
linux-man,linux-man@vger.kernel.org
linux-media,linux-media@vger.kernel.org
linux-mediatek,linux-mediatek@lists.infradead.org
linux-metag,linux-metag@vger.kernel.org
linux-mips,linux-mips@vger.kernel.org
linux-mm,linux-mm@kvack.org
linux-mmc,linux-mmc@vger.kernel.org
linux-modules,linux-modules@vger.kernel.org
linux-msdos,linux-msdos@vger.kernel.org
linux-mtd,linux-mtd@lists.infradead.org
linux-newbie,linux-newbie@vger.kernel.org
linux-next,linux-next@vger.kernel.org
linux-nfc,linux-nfc@lists.01.org
linux-nfs,linux-nfs@vger.kernel.org
linux-nilfs,linux-nilfs@vger.kernel.org
linux-numa,linux-numa@vger.kernel.org
linux-nvdimm,linux-nvdimm@lists.01.org
linux-nvme,linux-nvme@lists.infradead.org
linux-omap,linux-omap@vger.kernel.org
linux-oxnas,linux-oxnas@groups.io
linux-parisc,linux-parisc@vger.kernel.org
linux-patches,patches@lists.linux.dev
linux-pci,linux-pci@vger.kernel.org
linux-perf-users,linux-perf-users@vger.kernel.org
linux-phy,linux-phy@lists.infradead.org
linux-pm,linux-pm@vger.kernel.org
linux-ppp,linux-ppp@vger.kernel.org
linux-pwm,linux-pwm@vger.kernel.org
linux-raid,linux-raid@vger.kernel.org
linux-rdma,linux-rdma@vger.kernel.org
linux-remoteproc,linux-remoteproc@vger.kernel.org
linux-renesas-soc,linux-renesas-soc@vger.kernel.org
linux-riscv,linux-riscv@lists.infradead.org
linux-rockchip,linux-rockchip@lists.infradead.org
linux-rt-devel,linux-rt-devel@lists.linux.dev
linux-rt-users,linux-rt-users@vger.kernel.org
linux-rtc,linux-rtc@vger.kernel.org
linux-s390,linux-s390@vger.kernel.org
linux-safety,linux-safety@lists.elisa.tech
linux-samsung-soc,linux-samsung-soc@vger.kernel.org
linux-scsi,linux-scsi@vger.kernel.org
linux-sctp,linux-sctp@vger.kernel.org
linux-security-module,linux-security-module@vger.kernel.org
linux-serial,linux-serial@vger.kernel.org
linux-sgx,linux-sgx@vger.kernel.org
linux-sh,linux-sh@vger.kernel.org
linux-smp,linux-smp@vger.kernel.org
linux-snps-arc,linux-snps-arc@lists.infradead.org
linux-sound,linux-sound@vger.kernel.org
linux-sparse,linux-sparse@vger.kernel.org
linux-spdx,linux-spdx@vger.kernel.org
linux-spi,linux-spi@vger.kernel.org
linux-staging,linux-staging@lists.linux.dev
linux-sunxi,linux-sunxi@lists.linux.dev
linux-tegra,linux-tegra@vger.kernel.org
linux-toolchains,linux-toolchains@vger.kernel.org
linux-trace-devel,linux-trace-devel@vger.kernel.org
linux-trace-kernel,linux-trace-kernel@vger.kernel.org
linux-trace-users,linux-trace-users@vger.kernel.org
linux-um,linux-um@lists.infradead.org
linux-unionfs,linux-unionfs@vger.kernel.org
linux-usb,linux-usb@vger.kernel.org
linux-watchdog,linux-watchdog@vger.kernel.org
linux-wireless,linux-wireless@vger.kernel.org
linux-wpan,linux-wpan@vger.kernel.org
linux-x11,linux-x11@vger.kernel.org
linux-x25,linux-x25@vger.kernel.org
linux-xfs,linux-xfs@vger.kernel.org
linuxppc-dev,linuxppc-dev@ozlabs.org
live-patching,live-patching@vger.kernel.org
lkml,linux-kernel@vger.kernel.org
lkmm,lkmm@lists.linux.dev
llvm,llvm@lists.linux.dev
lm-sensors,lm-sensors@vger.kernel.org
loongarch,loongarch@lists.linux.dev
ltp,ltp@lists.linux.it
lttng-dev,lttng-dev@lists.lttng.org
lustre-devel,lustre-devel@lists.lustre.org
lvfs-announce,lvfs-announce@lists.linux.dev
lvfs-announce,lvfs-announce@lists.linuxfoundation.org
lvfs-announce,lvfs-announce@lists.linux-foundation.org
lvfs-general,lvfs-general@lists.linux.dev
lvfs-general,lvfs-general@lists.linuxfoundation.org
lvfs-general,lvfs-general@lists.linux-foundation.org
lvm-devel,lvm-devel@lists.linux.dev
lvs-devel,lvs-devel@vger.kernel.org
mailbox,mailbox@lists.linux.dev
mfd,mfd@lists.linux.dev
mhi,mhi@lists.linux.dev
mlmmj,mlmmj@mlmmj.org
mm-commits,mm-commits@vger.kernel.org
mptcp,mptcp@lists.linux.dev
multikernel,multikernel@lists.linux.dev
netdev,netdev@vger.kernel.org
netfilter,netfilter@vger.kernel.org
netfilter-devel,netfilter-devel@vger.kernel.org
netfs,netfs@lists.linux.dev
nil-migration,nil-migration@lists.linux.dev
nouveau,nouveau@lists.freedesktop.org
nova-gpu,nova-gpu@lists.linux.dev
ntb,ntb@lists.linux.dev
ntfs,ntfs@lists.linux.dev
ntfs3,ntfs3@lists.linux.dev
nvdimm,nvdimm@lists.linux.dev
ocfs2-devel,ocfs2-devel@oss.oracle.com
oe-chipsec,oe-chipsec@lists.linux.dev
oe-kbuild,oe-kbuild@lists.linux.dev
oe-kbuild-all,oe-kbuild-all@lists.linux.dev
oe-linux-nfc,oe-linux-nfc@lists.linux.dev
oe-lkp,oe-lkp@lists.linux.dev
ofono,ofono@lists.linux.dev
op-tee,op-tee@lists.trustedfirmware.org
opae,opae@lists.linux.dev
opae,opae@lists.linuxfoundation.org
opae,opae@lists.linux-foundation.org
openbmc,openbmc@ozlabs.org
openembedded-core,openembedded-core@lists.openembedded.org
openembedded-devel,openembedded-devel@lists.openembedded.org
openrisc,openrisc@lists.librecores.org
openrisc,linux-openrisc@vger.kernel.org
opensbi,opensbi@lists.infradead.org
openvpn-devel,openvpn-devel@lists.sourceforge.net
outreachy,outreachy@lists.linux.dev
perfbook,perfbook@vger.kernel.org
phone-devel,phone-devel@vger.kernel.org
platform-driver-x86,platform-driver-x86@vger.kernel.org
poky,poky@lists.yoctoproject.org
powertop,powertop@lists.linux.dev
powertop,powertop@lists.linuxfoundation.org
powertop,powertop@lists.linux-foundation.org
printing-architecture,printing-architecture@lists.linux.dev
printing-architecture,printing-architecture@lists.linuxfoundation.org
printing-architecture,printing-architecture@lists.linux-foundation.org
printing-users,printing-users@lists.linux.dev
qemu-arm,qemu-arm@nongnu.org
qemu-devel,qemu-devel@nongnu.org
qemu-riscv,qemu-riscv@nongnu.org
qemu-rust,qemu-rust@nongnu.org
qemu-trivial,qemu-trivial@nongnu.org
quic,quic@lists.linux.dev
radiotap,radiotap@archiver.kernel.org
rcu,rcu@vger.kernel.org
regressions,regressions@lists.linux.dev
reiserfs-devel,reiserfs-devel@vger.kernel.org
rpdfs-devel,rpdfs-devel@lists.linux.dev
rust-for-linux,rust-for-linux@vger.kernel.org
sashiko,sashiko@lists.linux.dev
sashiko-reviews,sashiko-reviews@lists.linux.dev
sched-ext,sched-ext@lists.linux.dev
selinux,selinux@vger.kernel.org
selinux-refpolicy,selinux-refpolicy@vger.kernel.org
signatures,signatures@kernel.org
smatch,smatch@vger.kernel.org
soc,soc@kernel.org
sophgo,sophgo@lists.linux.dev
spacemit,spacemit@lists.linux.dev
sparclinux,sparclinux@vger.kernel.org
spdk,spdk@lists.linux.dev
spdk,spdk@lists.linuxfoundation.org
spdk,spdk@lists.linux-foundation.org
stable,stable@vger.kernel.org
stable-rt,stable-rt@vger.kernel.org
stgt,stgt@vger.kernel.org
syzbot,syzbot@lists.linux.dev
target-devel,target-devel@vger.kernel.org
tech-board-discuss,tech-board-discuss@lists.linux.dev
tech-board-discuss,tech-board-discuss@lists.linuxfoundation.org
tech-board-discuss,tech-board-discuss@lists.linux-foundation.org
timestamp,timestamp@lists.linux.dev
tools,tools@linux.kernel.org
tpm-protocol,tpm-protocol@lists.linux.dev
tpm2,tpm2@lists.linux.dev
tpm2,tpm2@lists.linuxfoundation.org
tpm2,tpm2@lists.linux-foundation.org
tpmdd-devel,tpmdd-devel@lists.sourceforge.net
trinity,trinity@vger.kernel.org
u-boot,u-boot@lists.denx.de
u-boot-amlogic,u-boot-amlogic@groups.io
ultralinux,ultralinux@vger.kernel.org
util-linux,util-linux@vger.kernel.org
v9fs,v9fs@lists.linux.dev
virtio-comment,virtio-comment@lists.linux.dev
virtio-dev,virtio-dev@lists.linux.dev
virtio-fs,virtio-fs@lists.linux.dev
virtualization,virtualization@lists.linux-foundation.org
wireguard,wireguard@lists.zx2c4.com
wireless-regdb,wireless-regdb@lists.infradead.org
workflows,workflows@vger.kernel.org
x86-cpuid,x86-cpuid@lists.linux.dev
xdp-newbies,xdp-newbies@vger.kernel.org
xdp2,xdp2@lists.linux.dev
xen-devel,xen-devel@lists.xen.org
xenomai,xenomai@lists.linux.dev
xfs-stable,xfs-stable@lists.linux.dev
yocto,yocto@lists.yoctoproject.org
yocto-docs,docs@lists.yoctoproject.org
yocto-meta-arago,meta-arago@lists.yoctoproject.org
yocto-meta-arm,meta-arm@lists.yoctoproject.org
yocto-meta-freescale,meta-freescale@lists.yoctoproject.org
yocto-meta-ti,meta-ti@lists.yoctoproject.org
yocto-meta-virtualization,meta-virtualization@lists.yoctoproject.org
yocto-patches,yocto-patches@lists.yoctoproject.org
yocto-status,yocto-status@lists.yoctoproject.org
yocto-toaster,toaster@lists.yoctoproject.org
