address,first_release,last_release
ac100@lists.launchpad.net,v3.2,v7.2
accessrunner-general@lists.sourceforge.net,v2.6.30,v7.2
aceracpi@googlegroups.com,v2.6.30,v2.6.39
acpi4asus-user@lists.sourceforge.net,v2.6.30,v6.7
acpica-devel@lists.linux.dev,v6.7,v7.2
acpica-devel@lists.linuxfoundation.org,v6.2,v6.6
acrn-dev@lists.projectacrn.org,v5.12,v7.2
adi-buildroot-devel@lists.sourceforge.net,v3.14,v4.16
alsa-devel@alsa-project.org,v2.6.30,v6.11
amd-gfx@lists.freedesktop.org,v4.10,v7.2
amd64-microcode@amd64.org,v2.6.30,v3.19
apparmor@lists.ubuntu.com,v2.6.36,v7.2
arm-scmi@vger.kernel.org,v6.11,v7.2
asahi@lists.linux.dev,v6.0,v7.2
ath10k@lists.infradead.org,v3.11,v7.2
ath11k@lists.infradead.org,v5.6,v7.2
ath12k@lists.infradead.org,v6.3,v7.2
ath5k-devel@lists.ath5k.org,v2.6.30,v3.19
ath9k-devel@lists.ath9k.org,v2.6.30,v4.9
atl1-devel@lists.sourceforge.net,v2.6.30,v2.6.35
audit@vger.kernel.org,v6.3,v7.2
autofs@linux.kernel.org,v2.6.30,v3.2
autofs@vger.kernel.org,v3.3,v7.2
aws-nitro-enclaves-devel@amazon.com,v6.2,v6.13
b.a.t.m.a.n@lists.open-mesh.org,v2.6.38,v7.2
b43-dev@lists.infradead.org,v3.3,v7.2
bcm-kernel-feedback-list@broadcom.com,v3.12,v7.2
blinux-list@redhat.com,v2.6.30,v7.1
bluesmoke-devel@lists.sourceforge.net,v2.6.30,v3.3
bonding-devel@lists.sourceforge.net,v2.6.30,v2.6.36
bpf@ietf.org,v6.3,v7.2
bpf@vger.kernel.org,v5.0,v7.2
brcm80211-dev-list.pdl@broadcom.com,v4.8,v7.2
brcm80211-dev-list@broadcom.com,v3.6,v4.7
brcm80211-dev-list@cypress.com,v4.13,v5.9
brcm80211@lists.linux.dev,v6.8,v7.2
bridge@lists.linux-foundation.org,v2.6.30,v6.6
bridge@lists.linux.dev,v6.7,v7.2
cake@lists.bufferbloat.net,v4.20,v7.2
cbe-oss-dev@lists.ozlabs.org,v2.6.36,v4.1
cbe-oss-dev@ozlabs.org,v2.6.30,v2.6.35
ceph-devel@vger.kernel.org,v2.6.34,v7.2
cgroups@vger.kernel.org,v3.2,v7.2
chrome-platform@lists.linux.dev,v5.18,v7.2
clang-built-linux@googlegroups.com,v5.7,v5.14
cluster-devel@redhat.com,v2.6.30,v6.5
cocci@diku.dk,v2.6.36,v3.6
cocci@inria.fr,v5.16,v7.2
cocci@systeme.lip6.fr,v3.7,v5.15
codalist@coda.cs.cmu.edu,v2.6.30,v7.2
containers@lists.linux-foundation.org,v2.6.30,v3.15
coresight@lists.linaro.org,v5.10,v7.2
coreteam@netfilter.org,v2.6.30,v7.2
cpufreq@vger.kernel.org,v2.6.30,v3.15
damon@lists.linux.dev,v5.18,v7.2
davinci-linux-open-source@linux.davincidsp.com,v2.6.37,v3.17
dc395x@twibble.org,v2.6.30,v6.4
dccp@vger.kernel.org,v2.6.30,v6.15
dell.client.kernel@dell.com,v5.13,v7.2
dev-etrax@axis.com,v2.6.30,v2.6.30
dev@openvswitch.org,v3.3,v7.2
devel@acpica.org,v3.13,v6.1
devel@driverdev.osuosl.org,v2.6.31,v5.11
devel@linuxdriverproject.org,v3.3,v5.0
devel@lists.orangefs.org,v4.16,v7.2
devel@open-fcoe.org,v2.6.34,v3.9
device-driver-devel@blackfin.uclinux.org,v2.6.38,v2.6.39
device-drivers-devel@blackfin.uclinux.org,v3.0,v3.13
devicetree-discuss@lists.ozlabs.org,v2.6.32,v3.10
devicetree@vger.kernel.org,v3.11,v7.2
discuss@x86-64.org,v2.6.30,v4.6
dl-mptfusionlinux@lsi.com,v2.6.30,v3.15
dm-devel@lists.linux.dev,v6.6,v7.2
dm-devel@redhat.com,v2.6.30,v6.5
dmaengine@vger.kernel.org,v3.12,v7.2
drbd-dev@lists.linbit.com,v4.5,v7.1
drbd-dev@lists.linux.dev,v7.2,v7.2
drbd-user@lists.linbit.com,v2.6.33,v4.4
dri-devel@lists.freedesktop.org,v2.6.34,v7.2
dri-devel@lists.sourceforge.net,v2.6.30,v2.6.33
driver-core@lists.linux.dev,v7.0,v7.2
driverdev-devel@linuxdriverproject.org,v3.12,v4.19
e1000-devel@lists.sourceforge.net,v2.6.30,v3.19
ebtables-devel@lists.sourceforge.net,v2.6.30,v2.6.39
ebtables-user@lists.sourceforge.net,v2.6.30,v2.6.39
ecryptfs-devel@lists.launchpad.net,v2.6.30,v2.6.39
ecryptfs@vger.kernel.org,v3.0,v7.2
eng.linux@digi.com,v2.6.30,v3.2
esc.storagedev@microsemi.com,v4.6,v5.9
etnaviv@lists.freedesktop.org,v4.10,v7.2
fcoe-devel@open-fcoe.org,v3.10,v4.14
freedreno@lists.freedesktop.org,v4.7,v7.2
fsverity@lists.linux.dev,v6.2,v7.2
fuse-devel@lists.linux.dev,v7.2,v7.2
fuse-devel@lists.sourceforge.net,v2.6.30,v4.5
general@lists.openfabrics.org,v2.6.30,v2.6.31
gfs2@lists.linux.dev,v6.6,v7.2
gigaset307x-common@lists.sourceforge.net,v2.6.30,v5.2
greybus-dev@lists.linaro.org,v4.10,v7.2
hostap@shmoo.com,v2.6.30,v4.8
hpdd-discuss@lists.01.org,v3.18,v4.2
ibm-acpi-devel@lists.sourceforge.net,v2.6.30,v7.2
imx@lists.linux.dev,v6.7,v7.2
industrypack-devel@lists.sourceforge.net,v3.8,v7.2
intel-gfx@lists.freedesktop.org,v2.6.37,v7.2
intel-gvt-dev@lists.freedesktop.org,v4.10,v6.15
intel-wired-lan@lists.osuosl.org,v4.0,v7.2
intel-xe@lists.freedesktop.org,v6.8,v7.2
io-uring@vger.kernel.org,v5.5,v7.2
iommu@lists.linux-foundation.org,v2.6.30,v5.18
iommu@lists.linux.dev,v5.19,v7.2
ipw2100-devel@lists.sourceforge.net,v2.6.30,v2.6.31
ipw3945-devel@lists.sourceforge.net,v2.6.30,v2.6.31
irda-users@lists.sourceforge.net,v2.6.30,v4.16
isdn4linux@listserv.isdn4linux.de,v2.6.30,v6.17
iss_storagedev@hp.com,v2.6.30,v4.9
ivtv-devel@ivtvdriver.org,v2.6.30,v5.5
ivtv-users@ivtvdriver.org,v2.6.30,v2.6.30
jailhouse-dev@googlegroups.com,v4.17,v7.2
jfs-discussion@lists.sourceforge.net,v2.6.30,v7.2
kasan-dev@googlegroups.com,v4.6,v7.2
kernel-hardening@lists.openwall.com,v4.8,v5.8
kernel-list@raspberrypi.com,v6.11,v6.13
kernel-tls-handshake@lists.linux.dev,v6.4,v7.2
kernel@avr32linux.org,v2.6.30,v2.6.34
kernel@collabora.com,v6.15,v7.2
kernel@dh-electronics.com,v5.15,v6.13
kernel@stlinux.com,v3.11,v4.11
kexec@lists.infradead.org,v2.6.30,v7.2
keyrings@linux-nfs.org,v2.6.34,v4.4
keyrings@vger.kernel.org,v4.3,v7.2
kgdb-bugreport@lists.sourceforge.net,v2.6.30,v7.2
kpreempt-tech@lists.sourceforge.net,v2.6.30,v5.0
ktap@freelists.org,v3.13,v3.16
kunit-dev@googlegroups.com,v5.5,v7.2
kvm-ia64@vger.kernel.org,v2.6.30,v3.18
kvm-ppc@vger.kernel.org,v2.6.30,v5.15
kvm-riscv@lists.infradead.org,v5.16,v7.2
kvm@vger.kernel.org,v2.6.30,v7.2
kvmarm@lists.cs.columbia.edu,v3.9,v6.2
kvmarm@lists.linux.dev,v6.1,v7.2
legousb-devel@lists.sourceforge.net,v2.6.30,v7.2
lguest@lists.ozlabs.org,v2.6.36,v4.13
lguest@ozlabs.org,v2.6.30,v2.6.35
libertas-dev@lists.infradead.org,v2.6.30,v7.2
lima@lists.freedesktop.org,v5.2,v7.2
linaro-mm-sig@lists.linaro.org,v3.3,v7.2
linux-abi-devel@lists.sourceforge.net,v2.6.30,v7.2
linux-accelerators@lists.ozlabs.org,v5.7,v7.2
linux-acenic@sunsite.dk,v2.6.30,v7.0
linux-acpi@vger.kernel.org,v2.6.30,v7.2
linux-actions@lists.infradead.org,v5.12,v7.2
linux-afs@lists.infradead.org,v2.6.30,v7.2
linux-aio@kvack.org,v2.6.30,v7.2
linux-alpha@vger.kernel.org,v2.6.30,v7.2
linux-altix@sgi.com,v2.6.30,v3.8
linux-am33-list@redhat.com,v2.6.30,v4.16
linux-amlogic@lists.infradead.org,v4.7,v7.2
linux-api@vger.kernel.org,v3.16,v7.2
linux-arch@vger.kernel.org,v2.6.31,v7.2
linux-arm-kernel@axis.com,v4.6,v7.2
linux-arm-kernel@lists.arm.linux.org.uk,v2.6.30,v2.6.31
linux-arm-kernel@lists.infradead.org,v2.6.32,v7.2
linux-arm-msm@vger.kernel.org,v2.6.35,v7.2
linux-aspeed@lists.ozlabs.org,v4.17,v7.2
linux-atm-general@lists.sourceforge.net,v2.6.30,v7.2
linux-audit@redhat.com,v2.6.30,v6.2
linux-bcache@vger.kernel.org,v3.10,v7.2
linux-bcachefs@vger.kernel.org,v6.7,v7.2
linux-block@vger.kernel.org,v4.4,v7.2
linux-bluetooth@vger.kernel.org,v2.6.30,v7.2
linux-btrfs@vger.kernel.org,v2.6.30,v7.2
linux-c6x-dev@linux-c6x.org,v3.3,v5.11
linux-cachefs@redhat.com,v2.6.30,v6.7
linux-can@vger.kernel.org,v3.2,v7.2
linux-cifs-client@lists.samba.org,v2.6.30,v2.6.34
linux-cifs@vger.kernel.org,v2.6.35,v7.2
linux-clk@vger.kernel.org,v4.1,v7.2
linux-coco@lists.linux.dev,v6.7,v7.2
linux-cris-kernel@axis.com,v2.6.31,v4.16
linux-crypto@vger.kernel.org,v2.6.30,v7.2
linux-csky@vger.kernel.org,v5.6,v7.2
linux-cxl@vger.kernel.org,v5.12,v7.2
linux-debuggers@vger.kernel.org,v6.14,v7.2
linux-decnet-user@lists.sourceforge.net,v2.6.30,v6.0
linux-doc-tw-discuss@lists.sourceforge.net,v5.15,v6.5
linux-doc@vger.kernel.org,v2.6.30,v7.2
linux-eata@i-connect.net,v2.6.30,v3.16
linux-edac@vger.kernel.org,v2.6.35,v7.2
linux-efi@vger.kernel.org,v3.7,v7.2
linux-erofs@lists.ozlabs.org,v4.19,v7.2
linux-ext4@vger.kernel.org,v2.6.30,v7.2
linux-f2fs-devel@lists.sourceforge.net,v3.8,v7.2
linux-fbdev-devel@lists.sourceforge.net,v2.6.30,v2.6.31
linux-fbdev@vger.kernel.org,v2.6.32,v7.2
linux-fpga@vger.kernel.org,v4.10,v7.2
linux-fscrypt@vger.kernel.org,v4.12,v7.2
linux-fsdevel@vger.kernel.org,v2.6.30,v7.2
linux-fsi@lists.ozlabs.org,v5.3,v7.2
linux-geode@lists.infradead.org,v2.6.30,v7.2
linux-gpio@vger.kernel.org,v3.11,v7.2
linux-hams@vger.kernel.org,v2.6.30,v7.0
linux-hardening@vger.kernel.org,v5.9,v7.2
linux-hexagon@vger.kernel.org,v3.2,v7.2
linux-hippi@sunsite.dk,v2.6.30,v6.13
linux-hwmon@vger.kernel.org,v4.6,v7.2
linux-hyperv@vger.kernel.org,v5.1,v7.2
linux-i2c@vger.kernel.org,v2.6.30,v7.2
linux-i3c@lists.infradead.org,v5.0,v7.2
linux-ia64@vger.kernel.org,v2.6.30,v6.6
linux-ide@vger.kernel.org,v2.6.30,v7.2
linux-iio@vger.kernel.org,v3.1,v7.2
linux-ima-devel@lists.sourceforge.net,v3.15,v4.14
linux-ima-user@lists.sourceforge.net,v3.15,v4.14
linux-imx@nxp.com,v4.20,v6.7
linux-input@vger.kernel.org,v2.6.30,v7.2
linux-integrity@vger.kernel.org,v4.14,v7.2
linux-karma-devel@lists.sourceforge.net,v2.6.30,v7.2
linux-kbuild@vger.kernel.org,v2.6.30,v7.2
linux-kernel@vger.kernel.org,v2.6.30,v7.2
linux-kernel@zh-kernel.org,v2.6.38,v5.1
linux-kselftest@vger.kernel.org,v4.5,v7.2
linux-laptop@vger.kernel.org,v2.6.30,v2.6.39
linux-leds@vger.kernel.org,v3.5,v7.2
linux-m32r-ja@ml.linux-m32r.org,v2.6.30,v3.17
linux-m32r@ml.linux-m32r.org,v2.6.30,v3.17
linux-m68k@lists.linux-m68k.org,v2.6.30,v7.2
linux-media@lists.freedesktop.org,v4.14,v5.2
linux-media@vger.kernel.org,v2.6.30,v7.2
linux-mediatek@lists.infradead.org,v4.1,v7.2
linux-meson@googlegroups.com,v4.5,v4.6
linux-metag@vger.kernel.org,v3.12,v4.16
linux-mips@linux-mips.org,v2.6.30,v4.19
linux-mips@vger.kernel.org,v4.20,v7.2
linux-mm@kvack.org,v2.6.30,v7.2
linux-mmc@vger.kernel.org,v2.6.31,v7.2
linux-modules@vger.kernel.org,v5.17,v7.2
linux-mtd@lists.infradead.org,v2.6.30,v7.2
linux-net-drivers@amd.com,v6.4,v7.2
linux-nfc@lists.01.org,v3.7,v6.2
linux-nfs@vger.kernel.org,v2.6.30,v7.2
linux-nilfs@vger.kernel.org,v2.6.33,v7.2
linux-ntb@googlegroups.com,v4.3,v5.16
linux-ntfs-dev@lists.sourceforge.net,v2.6.30,v7.2
linux-nvdimm@lists.01.org,v4.1,v5.12
linux-nvidia@lists.surfsouth.com,v2.6.30,v7.1
linux-nvme@lists.infradead.org,v3.9,v7.2
linux-omap@vger.kernel.org,v2.6.31,v7.2
linux-openrisc@vger.kernel.org,v6.2,v7.2
linux-oxnas@groups.io,v4.17,v6.5
linux-oxnas@lists.tuxfamily.org,v4.9,v4.16
linux-parisc@vger.kernel.org,v2.6.30,v7.2
linux-parport@lists.infradead.org,v2.6.30,v7.2
linux-pci@vger.kernel.org,v2.6.30,v7.2
linux-pcmcia@lists.infradead.org,v2.6.30,v4.15
linux-perf-users@vger.kernel.org,v5.13,v7.2
linux-phy@lists.infradead.org,v5.12,v7.2
linux-pm@lists.linux-foundation.org,v2.6.30,v3.1
linux-pm@vger.kernel.org,v3.2,v7.2
linux-power@fi.rohmeurope.com,v5.9,v5.17
linux-ppp@vger.kernel.org,v2.6.30,v7.2
linux-pwm@vger.kernel.org,v3.11,v7.2
linux-raid@vger.kernel.org,v2.6.30,v7.2
linux-rdma@vger.kernel.org,v2.6.32,v7.2
linux-realtek-soc@lists.infradead.org,v5.5,v7.2
linux-remoteproc@vger.kernel.org,v4.6,v7.2
linux-renesas-soc@vger.kernel.org,v4.5,v7.2
linux-riscv@lists.infradead.org,v4.15,v7.2
linux-rockchip@lists.infradead.org,v3.17,v7.2
linux-rpi-kernel@lists.infradead.org,v3.7,v7.2
linux-rt-devel@lists.linux.dev,v7.0,v7.2
linux-rtc@vger.kernel.org,v4.12,v7.2
linux-s390@vger.kernel.org,v2.6.30,v7.2
linux-samsung-soc@vger.kernel.org,v2.6.36,v7.2
linux-scsi@vger.kernel.org,v2.6.30,v7.2
linux-sctp@vger.kernel.org,v2.6.30,v7.2
linux-security-module@vger.kernel.org,v2.6.30,v7.2
linux-serial@vger.kernel.org,v2.6.30,v7.2
linux-sgx@vger.kernel.org,v5.11,v7.2
linux-sh@vger.kernel.org,v2.6.30,v7.2
linux-snps-arc@lists.infradead.org,v4.4,v7.2
linux-soc@vger.kernel.org,v4.0,v4.19
linux-sound@vger.kernel.org,v6.7,v7.2
linux-sparse@vger.kernel.org,v3.4,v7.2
linux-spdx@vger.kernel.org,v5.3,v7.2
linux-spi@vger.kernel.org,v3.10,v7.2
linux-staging@lists.linux.dev,v5.12,v7.2
linux-stm32@st-md-mailman.stormreply.com,v4.20,v7.2
linux-sunxi@lists.linux.dev,v5.12,v7.2
linux-tegra@vger.kernel.org,v2.6.36,v7.2
linux-trace-devel@vger.kernel.org,v5.17,v6.3
linux-trace-kernel@vger.kernel.org,v6.2,v7.2
linux-um@lists.infradead.org,v4.18,v7.2
linux-unionfs@vger.kernel.org,v3.18,v7.2
linux-unisoc@lists.infradead.org,v5.0,v7.2
linux-usb@vger.kernel.org,v2.6.30,v7.2
linux-uvc-devel@lists.berlios.de,v2.6.30,v3.4
linux-uvc-devel@lists.sourceforge.net,v3.5,v5.18
linux-video@atrey.karlin.mff.cuni.cz,v2.6.30,v7.2
linux-visws-devel@lists.sf.net,v2.6.30,v3.14
linux-watchdog@vger.kernel.org,v2.6.35,v7.2
linux-wireless@vger.kernel.org,v2.6.30,v7.2
linux-wpan@vger.kernel.org,v3.17,v7.2
linux-x25@vger.kernel.org,v2.6.30,v7.2
linux-xfs@vger.kernel.org,v4.9,v7.2
linux-xtensa@linux-xtensa.org,v3.7,v6.2
linux-zigbee-devel@lists.sourceforge.net,v2.6.31,v3.17
linux1394-devel@lists.sourceforge.net,v2.6.30,v7.2
linux@analog.com,v7.2,v7.2
linux@ew.tq-group.com,v6.6,v7.2
linux@lists.openrisc.net,v3.1,v4.6
linuxppc-dev@lists.ozlabs.org,v2.6.36,v7.2
linuxppc-dev@ozlabs.org,v2.6.30,v2.6.35
linuxpps@ml.enneenne.com,v2.6.31,v7.2
linware@sh.cvut.cz,v2.6.30,v2.6.31
live-patching@vger.kernel.org,v4.0,v7.2
lkmm@lists.linux.dev,v6.12,v7.2
llvm@lists.linux.dev,v5.15,v7.2
lm-sensors@lm-sensors.org,v2.6.30,v4.5
logfs@logfs.org,v2.6.34,v4.9
loongarch@lists.linux.dev,v5.19,v7.2
lustre-devel@lists.lustre.org,v4.3,v4.17
lvs-devel@vger.kernel.org,v2.6.30,v7.2
mactel-linux-devel@lists.sourceforge.net,v2.6.30,v2.6.33
malidp@foss.arm.com,v5.1,v6.3
maple-tree@lists.infradead.org,v6.5,v7.2
megaraidlinux.pdl@avagotech.com,v3.19,v4.9
megaraidlinux.pdl@broadcom.com,v4.10,v7.2
mfd@lists.linux.dev,v7.2,v7.2
mhi@lists.linux.dev,v5.16,v7.2
microblaze-uclinux@itee.uq.edu.au,v2.6.30,v3.14
mjpeg-users@lists.sourceforge.net,v2.6.30,v7.2
mpi3mr-linuxdrv.pdl@broadcom.com,v5.14,v7.2
mpt-fusionlinux.pdl@avagotech.com,v3.16,v4.5
mpt-fusionlinux.pdl@broadcom.com,v4.6,v7.2
mptcp@lists.01.org,v5.6,v5.11
mptcp@lists.linux.dev,v5.12,v7.2
nbd-general@lists.sourceforge.net,v3.9,v4.13
nbd@other.debian.org,v4.14,v7.2
netdev@vger.kernel.org,v2.6.30,v7.2
netem@lists.linux-foundation.org,v2.6.30,v5.5
netfilter-devel@vger.kernel.org,v2.6.30,v7.2
netfilter@vger.kernel.org,v2.6.30,v3.15
netfs@lists.linux.dev,v6.8,v7.2
nios2-dev@lists.rocketboards.org,v3.14,v5.6
nios2-dev@sopc.et.ntust.edu.tw,v2.6.39,v3.13
nouveau@lists.freedesktop.org,v4.6,v7.2
nova-gpu@lists.linux.dev,v7.1,v7.2
ntb@lists.linux.dev,v5.17,v7.2
ntfs3@lists.linux.dev,v5.15,v7.2
nvdimm@lists.linux.dev,v5.13,v7.2
ocfs2-devel@lists.linux.dev,v6.5,v7.2
ocfs2-devel@oss.oracle.com,v2.6.30,v6.4
oe-linux-nfc@lists.linux.dev,v7.1,v7.2
op-tee@lists.trustedfirmware.org,v5.8,v7.2
open-iscsi@googlegroups.com,v2.6.30,v7.2
openbmc@lists.ozlabs.org,v4.13,v7.2
openezx-devel@lists.openezx.org,v2.6.31,v4.10
openipmi-developer@lists.sourceforge.net,v2.6.30,v7.2
openmoko-kernel@lists.openmoko.org,v5.1,v6.2
openrisc@lists.librecores.org,v4.10,v6.1
openvpn-devel@lists.sourceforge.net,v6.16,v7.2
openwrt-devel@lists.openwrt.org,v2.6.31,v7.2
oprofile-list@lists.sf.net,v2.6.30,v5.11
orinoco-devel@lists.sourceforge.net,v2.6.30,v3.3
orinoco-users@lists.sourceforge.net,v2.6.30,v3.3
osd-dev@open-osd.org,v2.6.31,v4.11
osmocom-net-gprs@lists.osmocom.org,v4.11,v7.2
oss-drivers@corigine.com,v5.13,v7.2
oss-drivers@netronome.com,v4.5,v5.12
osst-users@lists.sourceforge.net,v2.6.30,v5.2
patches@opensource.cirrus.com,v4.12,v7.2
patches@opensource.wolfsonmicro.com,v3.4,v4.11
platform-driver-x86@vger.kernel.org,v2.6.34,v7.2
platform-drivers-x86@vger.kernel.org,v6.5,v6.5
pmchba@pmcs.com,v3.17,v4.11
pv-drivers@vmware.com,v5.14,v5.17
pvfs2-developers@beowulf-underground.org,v4.6,v4.15
pvrusb2@isely.net,v2.6.30,v7.2
qat-linux@intel.com,v3.17,v7.2
qemu-devel@nongnu.org,v4.6,v7.2
rcu@vger.kernel.org,v5.2,v7.2
rds-devel@oss.oracle.com,v2.6.30,v7.2
regressions@lists.linux.dev,v5.18,v7.2
reiserfs-devel@vger.kernel.org,v2.6.30,v6.12
rfi@lists.rocketboards.org,v4.4,v5.13
rio500-users@lists.sourceforge.net,v2.6.30,v5.3
rtc-linux@googlegroups.com,v2.6.30,v4.11
rust-for-linux@vger.kernel.org,v6.1,v7.2
s32@nxp.com,v6.9,v7.2
samba-technical@lists.samba.org,v2.6.30,v7.2
sched-ext@lists.linux.dev,v6.16,v7.2
sdhci-devel@lists.ossman.eu,v2.6.30,v2.6.31
sdricohcs-devel@lists.sourceforge.net,v2.6.30,v7.2
selinux@tycho.nsa.gov,v2.6.30,v4.18
selinux@vger.kernel.org,v4.19,v7.2
sfi-devel@simplefirmware.org,v2.6.32,v5.5
sha-cyfmac-dev-list@infineon.com,v5.10,v6.6
soc@lists.linux.dev,v6.12,v7.2
socketcan-core@lists.berlios.de,v2.6.30,v3.1
sound-open-firmware@alsa-project.org,v5.7,v7.2
spacemit@lists.linux.dev,v6.15,v7.2
sparclinux@vger.kernel.org,v2.6.30,v7.2
sparmaintainer@unisys.com,v3.15,v5.18
speakup@braille.uwo.ca,v3.1,v3.16
speakup@linux-speakup.org,v3.17,v7.2
spear-devel@list.st.com,v3.3,v4.6
spi-devel-general@lists.sourceforge.net,v2.6.30,v3.9
spice-devel@lists.freedesktop.org,v5.1,v7.2
squashfs-devel@lists.sourceforge.net,v2.6.30,v7.2
stable@vger.kernel.org,v3.11,v7.2
storagedev@microchip.com,v5.10,v7.2
storagedev@pmcs.com,v3.18,v4.5
target-devel@vger.kernel.org,v3.1,v7.2
tboot-devel@lists.sourceforge.net,v2.6.35,v7.2
tech-board-discuss@lists.linux-foundation.org,v6.4,v6.8
tech-board-discuss@lists.linux.dev,v6.9,v7.2
tee-dev@lists.linaro.org,v5.3,v5.7
timestamp@lists.linux.dev,v6.4,v7.2
tipc-discussion@lists.sourceforge.net,v2.6.30,v7.2
tlan-devel@lists.sourceforge.net,v2.6.30,v7.2
tlinux-users@tce.toshiba-dme.co.jp,v2.6.30,v4.2
tomoyo-dev-en@lists.osdn.me,v5.1,v6.15
tomoyo-dev-en@lists.sourceforge.jp,v2.6.38,v5.0
tomoyo-dev@lists.osdn.me,v5.1,v6.15
tomoyo-dev@lists.sourceforge.jp,v2.6.30,v5.0
tomoyo-users-en@lists.osdn.me,v5.1,v6.15
tomoyo-users-en@lists.sourceforge.jp,v2.6.30,v5.0
tomoyo-users@lists.osdn.me,v5.1,v6.15
tomoyo-users@lists.sourceforge.jp,v2.6.30,v5.0
tomoyo-users_en@lists.sourceforge.net,v6.16,v7.2
tomoyo-users_ja@lists.sourceforge.net,v6.16,v7.2
tpmdd-devel@lists.sourceforge.net,v2.6.30,v4.13
trusted-services@lists.trustedfirmware.org,v6.10,v7.2
uclinux-dev@uclinux.org,v2.6.30,v6.3
uclinux-dist-devel@blackfin.uclinux.org,v2.6.30,v3.13
uclinux-h8-devel@lists.sourceforge.jp,v4.2,v5.18
usb-storage@lists.one-eyed-alien.net,v2.6.30,v7.2
usbb2k-api-dev@nongnu.org,v2.6.30,v6.11
user-mode-linux-devel@lists.sourceforge.net,v2.6.30,v4.17
user-mode-linux-user@lists.sourceforge.net,v2.6.30,v4.17
users@nilfs.org,v2.6.30,v2.6.32
users@rt2x00.serialmonkey.com,v2.6.30,v4.1
usrp-users@lists.ettus.com,v4.0,v7.2
v9fs-developer@lists.sourceforge.net,v2.6.30,v6.2
v9fs@lists.linux.dev,v6.3,v7.2
virtio-dev@lists.oasis-open.org,v3.13,v3.14
virtualization@lists.linux-foundation.org,v2.6.34,v6.8
virtualization@lists.linux.dev,v6.7,v7.2
virtualization@lists.osdl.org,v2.6.30,v2.6.37
vtun@office.satix.net,v2.6.30,v3.7
wcn36xx@lists.infradead.org,v3.13,v7.2
wil6210@qca.qualcomm.com,v3.8,v4.15
wil6210@qti.qualcomm.com,v4.16,v5.17
wimax@linuxwimax.org,v2.6.30,v5.10
wine-devel@list.winehq.org,v7.2,v7.2
wine-devel@winehq.org,v6.14,v7.1
wireguard@lists.zx2c4.com,v5.6,v7.2
workflows@vger.kernel.org,v6.5,v7.2
x86-cpuid@lists.linux.dev,v6.12,v7.2
x86@kernel.org,v5.0,v7.2
xdp-newbies@vger.kernel.org,v5.0,v5.2
xen-devel@lists.xen.org,v4.18,v4.20
xen-devel@lists.xenproject.org,v3.12,v7.2
xen-devel@lists.xensource.com,v2.6.30,v3.11
xfs@oss.sgi.com,v2.6.30,v4.8
xiyoulinuxkernelgroup@googlegroups.com,v2.6.38,v5.12
zd1211-devs@lists.sourceforge.net,v2.6.30,v6.4
